{"cameraMode":{"drawMode":0,"name":"Shaded","section":"Shading Mode"},"sceneLighting":true,"audioPlay":false,"sceneViewState":{"m_AlwaysRefresh":false,"showFog":true,"showSkybox":true,"showFlares":true,"showImageEffects":true,"showParticleSystems":true,"showVisualEffectGraphs":true,"m_FxEnabled":true},"in2DMode":false,"pivot":{"x":1.565248727798462,"y":2.3654961585998537,"z":-11.006003379821778},"rotation":{"x":-0.26374319195747378,"y":0.35692065954208376,"z":-0.10616187006235123,"w":-0.8897233009338379},"size":10.507406234741211,"orthographic":false}