{"cameraMode":{"drawMode":0,"name":"Shaded","section":"Shading Mode"},"sceneLighting":true,"audioPlay":false,"sceneViewState":{"showFog":true,"showMaterialUpdate":false,"showSkybox":true,"showFlares":true,"showImageEffects":true,"showParticleSystems":true,"showVisualEffectGraphs":true,"m_FxEnabled":true},"in2DMode":false,"pivot":{"x":1.1873551607131959,"y":11.177545547485352,"z":-1.9778709411621094},"rotation":{"x":-0.20082516968250276,"y":0.24159058928489686,"z":-0.051277659833431247,"w":-0.9478534460067749},"size":24.538654327392579,"orthographic":false}