{"cameraMode":{"drawMode":0,"name":"Shaded","section":"Shading Mode"},"sceneLighting":true,"audioPlay":false,"sceneViewState":{"showFog":true,"showMaterialUpdate":false,"showSkybox":true,"showFlares":true,"showImageEffects":true,"showParticleSystems":true,"showVisualEffectGraphs":true,"m_FxEnabled":true},"in2DMode":false,"pivot":{"x":3.0510969161987306,"y":4.270259380340576,"z":-8.907772064208985},"rotation":{"x":0.24220573902130128,"y":-0.40322279930114748,"z":0.11233333498239517,"w":0.8751093745231628},"size":13.718642234802246,"orthographic":false}