{"cameraMode":{"drawMode":0,"name":"Shaded","section":"Shading Mode"},"sceneLighting":false,"audioPlay":false,"sceneViewState":{"showFog":true,"showMaterialUpdate":false,"showSkybox":false,"showFlares":true,"showImageEffects":true,"showParticleSystems":true,"showVisualEffectGraphs":true,"m_FxEnabled":true},"in2DMode":false,"pivot":{"x":213.8366241455078,"y":289.37774658203127,"z":22.72894287109375},"rotation":{"x":-0.17785146832466126,"y":-0.006795639172196388,"z":0.0012200016062706709,"w":-0.9840245246887207},"size":415.8919372558594,"orthographic":false}