{"cameraMode":{"drawMode":0,"name":"Shaded","section":"Shading Mode"},"sceneLighting":true,"audioPlay":false,"sceneViewState":{"showFog":true,"showMaterialUpdate":false,"showSkybox":true,"showFlares":true,"showImageEffects":true,"showParticleSystems":true},"in2DMode":false,"pivot":{"x":-5.176410675048828,"y":8.869429588317871,"z":-15.759954452514649},"rotation":{"x":-0.07682038098573685,"y":-0.4713889956474304,"z":0.041260894387960437,"w":-0.8776159882545471},"size":10.240817070007325,"orthographic":false}