{"cameraMode":{"drawMode":0,"name":"Shaded","section":"Shading Mode"},"sceneLighting":false,"audioPlay":false,"sceneViewState":{"showFog":true,"showMaterialUpdate":false,"showSkybox":false,"showFlares":true,"showImageEffects":true,"showParticleSystems":true,"showVisualEffectGraphs":true,"m_FxEnabled":true},"in2DMode":false,"pivot":{"x":70.18806457519531,"y":200.05331420898438,"z":41.2716064453125},"rotation":{"x":-0.0026870036963373424,"y":0.0075389244593679909,"z":0.0005937053938396275,"w":0.999840259552002},"size":395.2510986328125,"orthographic":false}